finding_id	tier	severity	finding	macos_path	line	windows_prevention	status	test_evidence	profile_evidence
FC-MEM-001	A — deterministic source behavior	Critical	Telemetry delivery can accumulate unbounded pending MainActor tasks	Sources/ForgeConductorApp/AppTelemetryBinding.swift	48	Capacity-one LatestValueMailbox; induced dispatcher-stall test; pending/coalesced counters.	not_started		
FC-PERF-001	A — deterministic source behavior	Critical	Each gauge MTKView owns an independent command queue/pipeline and recurring render cadence	Sources/ForgeConductorApp/Metal/MetalGaugeKit.swift	80	Single shared DirectX graph, persistent buffers, dirty/visibility frame scheduler, graphics live-object tests.	not_started		
FC-PERF-001	A — deterministic source behavior	Critical	Each gauge MTKView owns an independent command queue/pipeline and recurring render cadence	Sources/ForgeConductorApp/Metal/MultiSeriesLoadRenderer.swift	40	Single shared DirectX graph, persistent buffers, dirty/visibility frame scheduler, graphics live-object tests.	not_started		
FC-PERF-002	A — deterministic source behavior	High	Gauge update path allocates replacement Metal buffers	Sources/ForgeConductorApp/Metal/MultiSeriesLoadRenderer.swift	141	Single shared DirectX graph, persistent buffers, dirty/visibility frame scheduler, graphics live-object tests.	not_started		
FC-PERF-003	A — deterministic source behavior	High	Gauge hierarchy has an animation clock independent of telemetry and MTKView drawing	Sources/ForgeConductorApp/Views/Rig/RigDashboardView.swift	17	Single shared DirectX graph, persistent buffers, dirty/visibility frame scheduler, graphics live-object tests.	not_started		
FC-TELEM-DUPLICATE	B — deterministic duplicate mapping; product invariant required	Medium	Distinct telemetry cases return the same source expression	Sources/ForgeConductorApp/AppModel.swift	73	Golden source-to-field mapping and unique-source assertions.	not_started		
FC-LIFE-GAP	C — owner-local cleanup signal absent; external cleanup may exist	High	AppTelemetryBinding owns/uses Task without an owner-local cleanup marker	Sources/ForgeConductorApp/AppTelemetryBinding.swift	48	RAII ownership matrix, explicit stop/cancel, repeated construct/start/stop/destroy resource-count tests.	not_started		
FC-LIFE-GAP	C — owner-local cleanup signal absent; external cleanup may exist	High	ForgeConductorMain owns/uses DispatchSource without an owner-local cleanup marker	Sources/ForgeConductorCLI/ForgeConductorMain.swift	224	RAII ownership matrix, explicit stop/cancel, repeated construct/start/stop/destroy resource-count tests.	not_started		
FC-LIFE-GAP	C — owner-local cleanup signal absent; external cleanup may exist	High	ForgeConductorMain owns/uses Process without an owner-local cleanup marker	Sources/ForgeConductorCLI/ForgeConductorMain.swift	401	RAII ownership matrix, explicit stop/cancel, repeated construct/start/stop/destroy resource-count tests.	not_started		
FC-LIFE-GAP	C — owner-local cleanup signal absent; external cleanup may exist	High	ForgeConductorMain owns/uses Pipe/FileHandle without an owner-local cleanup marker	Sources/ForgeConductorCLI/ForgeConductorMain.swift	416	RAII ownership matrix, explicit stop/cancel, repeated construct/start/stop/destroy resource-count tests.	not_started		
FC-MEM-COLLECTION	C — owner-local bound absent; cross-owner reset may exist	High	Long-lived collection `missing` appends without an owner-local bound	Sources/ForgeConductorCore/Application/AgentSessionService.swift	198	Bounded owner, explicit overflow/cancellation/cleanup, diagnostic high-water counters, targeted regression test.	not_started		
FC-MEM-COLLECTION	C — owner-local bound absent; cross-owner reset may exist	High	Long-lived collection `snaps` appends without an owner-local bound	Sources/ForgeConductorCore/Application/ContextContinuityService.swift	436	Bounded owner, explicit overflow/cancellation/cleanup, diagnostic high-water counters, targeted regression test.	not_started		
FC-MEM-COLLECTION	C — owner-local bound absent; cross-owner reset may exist	High	Long-lived collection `merged` appends without an owner-local bound	Sources/ForgeConductorCore/Application/ContextContinuityService.swift	469	Bounded owner, explicit overflow/cancellation/cleanup, diagnostic high-water counters, targeted regression test.	not_started		
FC-LIFE-GAP	C — owner-local cleanup signal absent; external cleanup may exist	High	ContextContinuityService owns/uses Task without an owner-local cleanup marker	Sources/ForgeConductorCore/Application/ContextContinuityService.swift	609	RAII ownership matrix, explicit stop/cancel, repeated construct/start/stop/destroy resource-count tests.	not_started		
FC-MEM-COLLECTION	C — owner-local bound absent; cross-owner reset may exist	High	Long-lived collection `suffix` appends without an owner-local bound	Sources/ForgeConductorCore/Application/ToolAuthorizationService.swift	218	Bounded owner, explicit overflow/cancellation/cleanup, diagnostic high-water counters, targeted regression test.	not_started		
FC-LIFE-GAP	C — owner-local cleanup signal absent; external cleanup may exist	High	ToolRouter owns/uses AsyncStream without an owner-local cleanup marker	Sources/ForgeConductorCore/Application/ToolRouter.swift	94	RAII ownership matrix, explicit stop/cancel, repeated construct/start/stop/destroy resource-count tests.	not_started		
FC-LIFE-GAP	C — owner-local cleanup signal absent; external cleanup may exist	High	HandoffPacket owns/uses Task without an owner-local cleanup marker	Sources/ForgeConductorCore/Domain/HandoffPacket.swift	92	RAII ownership matrix, explicit stop/cancel, repeated construct/start/stop/destroy resource-count tests.	not_started		
FC-LIFE-GAP	C — owner-local cleanup signal absent; external cleanup may exist	High	DashboardPortGuard owns/uses Process without an owner-local cleanup marker	Sources/ForgeConductorCore/Infrastructure/DashboardPortGuard.swift	103	RAII ownership matrix, explicit stop/cancel, repeated construct/start/stop/destroy resource-count tests.	not_started		
FC-LIFE-GAP	C — owner-local cleanup signal absent; external cleanup may exist	High	DashboardPortGuard owns/uses Pipe/FileHandle without an owner-local cleanup marker	Sources/ForgeConductorCore/Infrastructure/DashboardPortGuard.swift	107	RAII ownership matrix, explicit stop/cancel, repeated construct/start/stop/destroy resource-count tests.	not_started		
FC-MEM-COLLECTION	C — owner-local bound absent; cross-owner reset may exist	High	Long-lived collection `predicates` appends without an owner-local bound	Sources/ForgeConductorCore/Infrastructure/SQLiteStore.swift	279	Bounded owner, explicit overflow/cancellation/cleanup, diagnostic high-water counters, targeted regression test.	not_started		
FC-MEM-COLLECTION	C — owner-local bound absent; cross-owner reset may exist	High	Long-lived collection `out` appends without an owner-local bound	Sources/ForgeConductorCore/Infrastructure/SQLiteStore.swift	317	Bounded owner, explicit overflow/cancellation/cleanup, diagnostic high-water counters, targeted regression test.	not_started		
FC-MEM-COLLECTION	C — owner-local bound absent; cross-owner reset may exist	High	Long-lived collection `closed` appends without an owner-local bound	Sources/ForgeConductorCore/Infrastructure/SQLiteStore.swift	551	Bounded owner, explicit overflow/cancellation/cleanup, diagnostic high-water counters, targeted regression test.	not_started		
FC-LIFE-GAP	C — owner-local cleanup signal absent; external cleanup may exist	High	MCPServer owns/uses Pipe/FileHandle without an owner-local cleanup marker	Sources/ForgeConductorCore/MCP/MCPServer.swift	33	RAII ownership matrix, explicit stop/cancel, repeated construct/start/stop/destroy resource-count tests.	not_started		
FC-LIFE-GAP	C — owner-local cleanup signal absent; external cleanup may exist	High	MCPStreamReader owns/uses Pipe/FileHandle without an owner-local cleanup marker	Sources/ForgeConductorCore/MCP/MCPServer.swift	482	RAII ownership matrix, explicit stop/cancel, repeated construct/start/stop/destroy resource-count tests.	not_started		
FC-LIFE-GAP	C — owner-local cleanup signal absent; external cleanup may exist	High	ManagerRuntime owns/uses Timer without an owner-local cleanup marker	Sources/ForgeConductorCore/Manager/ManagerRuntime.swift	18	RAII ownership matrix, explicit stop/cancel, repeated construct/start/stop/destroy resource-count tests.	not_started		
FC-LIFE-GAP	C — owner-local cleanup signal absent; external cleanup may exist	High	ManagerRuntime owns/uses DispatchSource without an owner-local cleanup marker	Sources/ForgeConductorCore/Manager/ManagerRuntime.swift	18	RAII ownership matrix, explicit stop/cancel, repeated construct/start/stop/destroy resource-count tests.	not_started		
FC-LIFE-GAP	C — owner-local cleanup signal absent; external cleanup may exist	High	MCPProcessFixture owns/uses Process without an owner-local cleanup marker	Tests/ForgeConductorTests/ContinuityTests.swift	1800	RAII ownership matrix, explicit stop/cancel, repeated construct/start/stop/destroy resource-count tests.	not_started		
FC-LIFE-GAP	C — owner-local cleanup signal absent; external cleanup may exist	High	MCPProcessFixture owns/uses Pipe/FileHandle without an owner-local cleanup marker	Tests/ForgeConductorTests/ContinuityTests.swift	1801	RAII ownership matrix, explicit stop/cancel, repeated construct/start/stop/destroy resource-count tests.	not_started		
FC-LIFE-GAP	C — owner-local cleanup signal absent; external cleanup may exist	High	ManagerTests owns/uses Task without an owner-local cleanup marker	Tests/ForgeConductorTests/ManagerTests.swift	265	RAII ownership matrix, explicit stop/cancel, repeated construct/start/stop/destroy resource-count tests.	not_started		
